[{"ColumnName":"Store #"},{"ColumnName":"Store Location"},{"ColumnName":"5 Gallon Liquid Chlorine"},{"ColumnName":"5 Gallon Paint Shaker"},{"ColumnName":"ABS Plumbing Fittings"},{"ColumnName":"Agway & Blue Seal Feed"},{"ColumnName":"Art Supplies"},{"ColumnName":"Barn Door Hardware"},{"ColumnName":"BBQ Grills"},{"ColumnName":"Benjamin Moore Paint"},{"ColumnName":"Blue Seal Bird Food"},{"ColumnName":"Blue Seal Farm Animal Feed"},{"ColumnName":"Blue Seal Pet Food"},{"ColumnName":"Bulk Bark Mulch"},{"ColumnName":"Car Chipkeys"},{"ColumnName":"Carhartt Clothing"},{"ColumnName":"CFL Bulb Recycling Center"},{"ColumnName":"Color Match Paint Computer"},{"ColumnName":"Construction Blocks*"},{"ColumnName":"Coronado Paints"},{"ColumnName":"Cut Glass"},{"ColumnName":"Cut Keys"},{"ColumnName":"Cut Plexiglass"},{"ColumnName":"Cut Window Shades"},{"ColumnName":"Danson Pel Pro Pellet Stove Repair"},{"ColumnName":"Delta Faucets"},{"ColumnName":"Dewalt Tools"},{"ColumnName":"Dock Hardware"},{"ColumnName":"Electric Fence Supplies"},{"ColumnName":"Farm and Horse Tack"},{"ColumnName":"Farm Supplies"},{"ColumnName":"Fax Service"},{"ColumnName":"Fishing Supplies"},{"ColumnName":"Flag Disposal Service"},{"ColumnName":"Free Assembly*"},{"ColumnName":"Garage Storage"},{"ColumnName":"Garden Center"},{"ColumnName":"Horse Supplies"},{"ColumnName":"Housewares"},{"ColumnName":"Hunting & Fishing Licenses"},{"ColumnName":"Hunting Supplies"},{"ColumnName":"Husqvarna"},{"ColumnName":"Industrial Commercial Paints"},{"ColumnName":"Irrigation Supplies"},{"ColumnName":"Laminating Services"},{"ColumnName":"Lamp Repair"},{"ColumnName":"Landscape Pavers & Wallstone"},{"ColumnName":"Locksmithing Service"},{"ColumnName":"Lumber"},{"ColumnName":"Maple Sugaring Supplies"},{"ColumnName":"Marine Supplies"},{"ColumnName":"Marriage Services ;)"},{"ColumnName":"Merrick Pet Food"},{"ColumnName":"Metalbestos Chimney Systems"},{"ColumnName":"Moen Faucets"},{"ColumnName":"Muck Boots"},{"ColumnName":"Northside Carting Dumpster Service"},{"ColumnName":"Notary Public (call for details)"},{"ColumnName":"Nutro Pet Food"},{"ColumnName":"Oil Burner/Furnace Parts"},{"ColumnName":"One Shot Sign & Lettering Paints"},{"ColumnName":"Organic Gardening Products"},{"ColumnName":"Paint Care Recycling"},{"ColumnName":"Patio Blocks"},{"ColumnName":"Pellet Stove Parts"},{"ColumnName":"Pellet Stoves / Pellet Fuel / Wood Pellets"},{"ColumnName":"Pet Adoption Service"},{"ColumnName":"Pet Food and Supplies"},{"ColumnName":"Pet Grooming"},{"ColumnName":"Photo Copies"},{"ColumnName":"Pipe Cutting and Threading"},{"ColumnName":"Plants"},{"ColumnName":"PMI Nutrition Exclusive Cat Food"},{"ColumnName":"PMI Nutrition Exclusive Dog Food"},{"ColumnName":"Pool Chemicals & Supply"},{"ColumnName":"Portable Garages"},{"ColumnName":"Porter Cable Power Tools"},{"ColumnName":"Poulin Feed Dealer"},{"ColumnName":"Professional Plumbing Supplies"},{"ColumnName":"Professional Welding Supplies"},{"ColumnName":"Propane Filling Station"},{"ColumnName":"Propane Supplies"},{"ColumnName":"Propane Tank Exchange"},{"ColumnName":"Purina Feeds"},{"ColumnName":"Purina Pet Food"},{"ColumnName":"Rental Program*"},{"ColumnName":"Royal Wood Pine Horse Bedding"},{"ColumnName":"Rug Doctor Rental"},{"ColumnName":"Rustic Cedar Log Furniture"},{"ColumnName":"RV and Camping Supplies"},{"ColumnName":"Science Diet Pet Food"},{"ColumnName":"Scotts Lawn Pro Dealer"},{"ColumnName":"Screen Repair"},{"ColumnName":"Sharpening Service"},{"ColumnName":"Shavings"},{"ColumnName":"Small Animal Food"},{"ColumnName":"Small Appliances"},{"ColumnName":"Small Engine Service"},{"ColumnName":"Smith & Hawken Center"},{"ColumnName":"Spa Chemicals"},{"ColumnName":"Special Order Kiosk featuring 50,000+ hard to find products!"},{"ColumnName":"Staples Office Supplies"},{"ColumnName":"Stihl"},{"ColumnName":"Taste of the Wild Pet Food"},{"ColumnName":"Wallpaper by Mail Order"},{"ColumnName":"Watch Battery Replacement"},{"ColumnName":"Window Glass Repair"},{"ColumnName":"Wolverine Work Boots"},{"ColumnName":"Work Clothes"}]